system,noise,obs_frac,short_rmse_mean,short_rmse_std,n_seeds
duffing,0.0,1.0,0.1639172159024599,0.026350410771390192,5
duffing,0.05,0.25,0.14668579438484547,0.03156965223876333,5
duffing,0.05,0.5,0.15682501616308436,0.03247074326229116,5
duffing,0.05,1.0,0.1948765734424674,0.03211608003116067,5
duffing,0.1,0.1,0.11419785665707849,0.014796940374414508,5
duffing,0.1,0.25,0.14721584333382945,0.03237894801336398,5
duffing,0.1,0.5,0.17190361152396286,0.0335772252226065,5
duffing,0.1,1.0,0.17260277014042366,0.024223136936311267,5
duffing,0.2,0.05,0.13117908136070214,0.017071042869714923,5
duffing,0.2,0.1,0.11126057084465542,0.011024715811888026,5
duffing,0.2,0.25,0.14390927130813363,0.02511212458625641,5
duffing,0.2,0.5,0.17637401196082697,0.02314879473584298,5
duffing,0.2,1.0,0.2510294768667497,0.03581556442259907,5
duffing,0.3,0.05,0.1599101475518952,0.035421432773044007,5
duffing,0.3,0.1,0.13927564559064337,0.03764709362198512,5
duffing,0.3,0.25,0.1819078724643637,0.02771086774449697,5
duffing,0.3,0.5,0.24103886035695865,0.012440365511958243,5
duffing,0.3,1.0,0.3403469314479894,0.021640796420345103,5
duffing,0.4,1.0,0.4594256143996557,0.025577350965681787,5
duffing,0.5,1.0,0.5218155233603927,0.007385445020479118,5
lorenz,0.0,1.0,11.775935554691335,0.3303754833548572,5
lorenz,0.05,0.25,10.511366365130359,0.20034713148218897,5
lorenz,0.05,0.5,10.2455705723487,0.4506537967704479,5
lorenz,0.05,1.0,12.039769215200248,0.3397701590093268,5
lorenz,0.1,0.1,9.523644104257153,0.1437518602304006,5
lorenz,0.1,0.25,10.324239077157234,0.25711715537452834,5
lorenz,0.1,0.5,10.001863154517318,0.3511910595876005,5
lorenz,0.1,1.0,11.862510827596902,0.3853749049398832,5
lorenz,0.2,0.05,9.093725946057077,0.26545653728989466,5
lorenz,0.2,0.1,9.647634132544901,0.2616740951630912,5
lorenz,0.2,0.25,10.113125456661699,0.24402263485191525,5
lorenz,0.2,0.5,10.031450125636804,0.8754810054242673,5
lorenz,0.2,1.0,11.861085753874898,0.18729855927411088,5
lorenz,0.3,0.05,9.24027426572372,0.21409955081263926,5
lorenz,0.3,0.1,9.736774511410527,0.1774075000183961,5
lorenz,0.3,0.25,10.308539379830354,0.36238651487449075,5
lorenz,0.3,0.5,9.961374827056698,0.26828685617084985,5
lorenz,0.3,1.0,10.982170473583984,0.2893126743511885,5
lorenz,0.4,1.0,10.68192064927894,0.15419742226031102,5
lorenz,0.5,1.0,10.293910972766309,0.26624383574778215,5
vanderpol,0.0,1.0,0.07015743159029883,0.014730038423717324,5
vanderpol,0.05,0.25,0.11199792315365738,0.0234420052909098,5
vanderpol,0.05,0.5,0.13332436712217302,0.052488732296245705,5
vanderpol,0.05,1.0,0.15022017161870754,0.04584446806550414,5
vanderpol,0.1,0.1,0.20436498212257198,0.02744824857046968,5
vanderpol,0.1,0.25,0.18571515024278828,0.060190636378159176,5
vanderpol,0.1,0.5,0.2768291931074347,0.1398685050828464,5
vanderpol,0.1,1.0,0.21043124936715504,0.10277389682538884,5
vanderpol,0.2,0.05,0.47318369128777726,0.05475508043675372,5
vanderpol,0.2,0.1,0.30095380322845167,0.07262333742839965,5
vanderpol,0.2,0.25,0.34720034365475305,0.10036281202552802,5
vanderpol,0.2,0.5,0.44925414531671626,0.04046653501157146,5
vanderpol,0.2,1.0,0.5628181894221723,0.11006119000131688,5
vanderpol,0.3,0.05,0.5036768935062749,0.06958822505768203,5
vanderpol,0.3,0.1,0.4320345181234953,0.06877768773873223,5
vanderpol,0.3,0.25,0.5010699683902734,0.03144498088057153,5
vanderpol,0.3,0.5,0.595583884436176,0.06992645029861663,5
vanderpol,0.3,1.0,0.6809288358131722,0.11026093759511311,5
vanderpol,0.4,1.0,0.7392253135791889,0.014064220203120894,5
vanderpol,0.5,1.0,0.8002761982619557,0.02668852010689575,5
