system,noise,obs_frac,seed,short_rmse,blew_up,max_abs_pred,train_seconds
lorenz,0.0,1.0,0,11.914380523838645,False,34.08056640625,7.986457824707031
lorenz,0.0,1.0,1,12.186688352419235,False,32.61139678955078,7.477000951766968
lorenz,0.0,1.0,2,11.709687582024326,False,32.426631927490234,7.55141806602478
lorenz,0.0,1.0,3,11.281777136222106,False,33.558528900146484,7.549083948135376
lorenz,0.0,1.0,4,11.787144178952369,False,32.91081237792969,7.5226500034332275
lorenz,0.05,1.0,0,11.452461058141562,False,33.150794982910156,7.622815132141113
lorenz,0.05,1.0,1,12.180842569604042,False,33.32794952392578,8.024260997772217
lorenz,0.05,1.0,2,12.295703437324672,False,34.00041961669922,8.065115213394165
lorenz,0.05,1.0,3,12.053270869184981,False,32.237056732177734,7.568132638931274
lorenz,0.05,1.0,4,12.216568141745991,False,32.70652770996094,7.452755928039551
lorenz,0.1,1.0,0,12.23795806026346,False,33.46552658081055,7.371010780334473
lorenz,0.1,1.0,1,11.840443810905475,False,32.905799865722656,7.359917163848877
lorenz,0.1,1.0,2,11.500375180233359,False,32.16909408569336,7.63291597366333
lorenz,0.1,1.0,3,12.26777951089093,False,32.290794372558594,7.775532960891724
lorenz,0.1,1.0,4,11.465997575691278,False,32.409664154052734,7.659265995025635
lorenz,0.2,1.0,0,11.851372075478912,False,32.37026596069336,7.515671968460083
lorenz,0.2,1.0,1,11.933859606850673,False,31.527732849121094,7.444220781326294
lorenz,0.2,1.0,2,12.105349930026263,False,32.2336540222168,7.715440034866333
lorenz,0.2,1.0,3,11.589010116494562,False,31.344072341918945,7.750036954879761
lorenz,0.2,1.0,4,11.825837040524078,False,32.59444046020508,7.67511510848999
lorenz,0.3,1.0,0,10.825581944519774,False,29.496061325073242,7.80972695350647
lorenz,0.3,1.0,1,11.040675296691424,False,29.219554901123047,7.516880989074707
lorenz,0.3,1.0,2,11.275000972944113,False,29.972089767456055,7.479780912399292
lorenz,0.3,1.0,3,11.202721324364058,False,30.143163681030273,7.552098035812378
lorenz,0.3,1.0,4,10.566872829400555,False,29.261266708374023,7.457417249679565
lorenz,0.4,1.0,0,10.713534825412232,False,28.554101943969727,7.491848945617676
lorenz,0.4,1.0,1,10.610160626567167,False,27.701709747314453,7.576887845993042
lorenz,0.4,1.0,2,10.926019909778574,False,28.377487182617188,7.620348930358887
lorenz,0.4,1.0,3,10.514463118281084,False,28.045654296875,7.510787725448608
lorenz,0.4,1.0,4,10.645424766355635,False,28.352537155151367,7.50928521156311
lorenz,0.5,1.0,0,10.654967623108137,False,27.498043060302734,7.4434449672698975
lorenz,0.5,1.0,1,10.395005742741164,False,26.440073013305664,7.494350910186768
lorenz,0.5,1.0,2,10.325690536800327,False,27.41703987121582,7.512102842330933
lorenz,0.5,1.0,3,9.94702748000693,False,26.84671974182129,7.653552055358887
lorenz,0.5,1.0,4,10.146863481174986,False,27.33639144897461,7.7233569622039795
lorenz,0.05,0.5,0,10.777013641533637,False,33.467132568359375,7.492434024810791
lorenz,0.05,0.5,1,9.540176996178776,False,27.863075256347656,7.4837470054626465
lorenz,0.05,0.5,2,10.185768147167725,False,31.59651756286621,7.411190986633301
lorenz,0.05,0.5,3,10.389344978709339,False,33.19196319580078,7.572429180145264
lorenz,0.05,0.5,4,10.335549098154033,False,32.61293029785156,7.450366973876953
lorenz,0.1,0.5,0,9.805813790174977,False,29.341903686523438,7.566695928573608
lorenz,0.1,0.5,1,10.468488398275543,False,31.941722869873047,7.433714866638184
lorenz,0.1,0.5,2,10.28650130537107,False,31.11857795715332,7.652266979217529
lorenz,0.1,0.5,3,9.692507254835059,False,29.571107864379883,7.70157790184021
lorenz,0.1,0.5,4,9.756005023929937,False,32.24714660644531,7.451178073883057
lorenz,0.2,0.5,0,9.916099239699903,False,28.2468318939209,7.601949214935303
lorenz,0.2,0.5,1,9.527054442873629,False,28.72916603088379,7.495304822921753
lorenz,0.2,0.5,2,11.570817637300994,False,33.022682189941406,7.522602081298828
lorenz,0.2,0.5,3,9.518519712410223,False,26.523046493530273,7.47958779335022
lorenz,0.2,0.5,4,9.62475959589927,False,27.39080810546875,7.404145240783691
lorenz,0.3,0.5,0,10.014988197505101,False,26.886837005615234,7.469985008239746
lorenz,0.3,0.5,1,10.082381745947133,False,26.608139038085938,7.429694890975952
lorenz,0.3,0.5,2,10.08135373372988,False,28.3845157623291,7.414786100387573
lorenz,0.3,0.5,3,10.140115870439153,False,27.39453125,7.384976148605347
lorenz,0.3,0.5,4,9.488034587662222,False,25.852975845336914,7.489104270935059
lorenz,0.05,0.25,0,10.25427107723224,False,25.317909240722656,7.40413498878479
lorenz,0.05,0.25,1,10.73620394333307,False,25.29282569885254,7.365864992141724
lorenz,0.05,0.25,2,10.626393443878987,False,25.246557235717773,7.3943610191345215
lorenz,0.05,0.25,3,10.586706475889303,False,25.387313842773438,7.413347244262695
lorenz,0.05,0.25,4,10.353256885318189,False,25.324613571166992,7.426609992980957
lorenz,0.1,0.25,0,10.252860893070405,False,25.43035316467285,7.4355528354644775
lorenz,0.1,0.25,1,10.62840942678838,False,25.367290496826172,7.423475027084351
lorenz,0.1,0.25,2,10.235450621289793,False,25.41786766052246,7.426111936569214
lorenz,0.1,0.25,3,10.524790479039037,False,25.456850051879883,7.417212009429932
lorenz,0.1,0.25,4,9.979683965598559,False,25.4080810546875,7.379199981689453
lorenz,0.2,0.25,0,9.784116575196546,False,25.316883087158203,7.396827936172485
lorenz,0.2,0.25,1,10.105185927012297,False,25.398391723632812,7.386502981185913
lorenz,0.2,0.25,2,10.466093617985216,False,25.417221069335938,7.399029016494751
lorenz,0.2,0.25,3,10.054304825019866,False,25.46607208251953,7.379572868347168
lorenz,0.2,0.25,4,10.155926338094572,False,25.28247833251953,7.3581531047821045
lorenz,0.3,0.25,0,9.784729301190836,False,25.515424728393555,7.3541200160980225
lorenz,0.3,0.25,1,10.793731244739408,False,25.335926055908203,7.351191759109497
lorenz,0.3,0.25,2,10.359492607950374,False,25.4054012298584,7.368056058883667
lorenz,0.3,0.25,3,10.38248271037744,False,25.374813079833984,7.370150804519653
lorenz,0.3,0.25,4,10.222261034893704,False,25.42971420288086,7.3677098751068115
lorenz,0.1,0.1,0,9.308283845866399,False,25.535730361938477,7.413363933563232
lorenz,0.1,0.1,1,9.661293562430968,False,25.306928634643555,7.376389980316162
lorenz,0.1,0.1,2,9.47851413951249,False,25.577903747558594,7.37164306640625
lorenz,0.1,0.1,3,9.522817661264298,False,25.530107498168945,7.418139934539795
lorenz,0.1,0.1,4,9.647311312211608,False,25.31687355041504,7.400474786758423
lorenz,0.2,0.1,0,9.442361654272077,False,25.56239891052246,7.373388051986694
lorenz,0.2,0.1,1,9.531984860899621,False,25.39421272277832,7.377203941345215
lorenz,0.2,0.1,2,10.047893750681224,False,25.339475631713867,7.402751922607422
lorenz,0.2,0.1,3,9.442093601451864,False,25.4918155670166,7.407191753387451
lorenz,0.2,0.1,4,9.773836795419722,False,25.27205467224121,7.387665033340454
lorenz,0.3,0.1,0,9.528611933046376,False,25.368478775024414,7.368972063064575
lorenz,0.3,0.1,1,9.972507909399908,False,25.343219757080078,7.36406397819519
lorenz,0.3,0.1,2,9.8497036582054,False,25.359569549560547,7.453115224838257
lorenz,0.3,0.1,3,9.713261439814497,False,25.543066024780273,7.396550893783569
lorenz,0.3,0.1,4,9.61978761658645,False,25.54620361328125,7.4048073291778564
lorenz,0.2,0.05,0,9.042496939771947,False,25.898841857910156,7.634401082992554
lorenz,0.2,0.05,1,9.304575312243486,False,25.676315307617188,7.423556089401245
lorenz,0.2,0.05,2,9.09744893849681,False,25.85665512084961,7.412323713302612
lorenz,0.2,0.05,3,9.34479473962529,False,25.543270111083984,7.413211822509766
lorenz,0.2,0.05,4,8.679313800147852,False,25.711074829101562,7.396582126617432
lorenz,0.3,0.05,0,9.260935664472106,False,25.61162567138672,7.361199855804443
lorenz,0.3,0.05,1,9.392220461917844,False,25.421310424804688,7.369632005691528
lorenz,0.3,0.05,2,9.206488844693943,False,26.16364288330078,7.380887031555176
lorenz,0.3,0.05,3,9.443867462650871,False,25.36328887939453,7.382410049438477
lorenz,0.3,0.05,4,8.897858894883836,False,25.339895248413086,7.382195949554443
vanderpol,0.0,1.0,0,0.07661295401272507,False,3.5304787158966064,7.184485912322998
vanderpol,0.0,1.0,1,0.08767099755214466,False,3.4312596321105957,7.190487861633301
vanderpol,0.0,1.0,2,0.06322911666742397,False,3.4904327392578125,7.1838908195495605
vanderpol,0.0,1.0,3,0.0488639904547501,False,3.498311996459961,7.174463987350464
vanderpol,0.0,1.0,4,0.07441009926445069,False,3.6345105171203613,7.187970161437988
vanderpol,0.05,1.0,0,0.13426406590837273,False,3.6117475032806396,7.192012071609497
vanderpol,0.05,1.0,1,0.19987312847342514,False,3.1780550479888916,7.208440065383911
vanderpol,0.05,1.0,2,0.08516751250349358,False,3.6933064460754395,7.255648136138916
vanderpol,0.05,1.0,3,0.14395034485276512,False,4.0173187255859375,7.205995082855225
vanderpol,0.05,1.0,4,0.18784580635548143,False,4.278679847717285,7.2239179611206055
vanderpol,0.1,1.0,0,0.1647403776106551,False,2.819819450378418,7.197003126144409
vanderpol,0.1,1.0,1,0.18665945166423004,False,3.2769076824188232,7.197011947631836
vanderpol,0.1,1.0,2,0.07673394387562676,False,2.8334686756134033,7.1890809535980225
vanderpol,0.1,1.0,3,0.2887176310668622,False,3.0693552494049072,7.213320970535278
vanderpol,0.1,1.0,4,0.3353048426184012,False,3.0104825496673584,7.235773324966431
vanderpol,0.2,1.0,0,0.50428515753402,False,2.0,7.199419260025024
vanderpol,0.2,1.0,1,0.534172991581262,False,2.0,7.1957666873931885
vanderpol,0.2,1.0,2,0.5844923099342696,False,2.0,7.19406795501709
vanderpol,0.2,1.0,3,0.7397784916008487,False,2.2532832622528076,7.171544075012207
vanderpol,0.2,1.0,4,0.4513619964604613,False,2.023866891860962,7.179658889770508
vanderpol,0.3,1.0,0,0.49954909630055583,False,2.0,7.209882020950317
vanderpol,0.3,1.0,1,0.7567532727320762,False,2.0,7.2075090408325195
vanderpol,0.3,1.0,2,0.7272564899437691,False,2.0,7.520622968673706
vanderpol,0.3,1.0,3,0.6553986051103997,False,2.0,7.289538145065308
vanderpol,0.3,1.0,4,0.76568671497906,False,2.0,7.216791152954102
vanderpol,0.4,1.0,0,0.7193476310714976,False,2.0,7.309904098510742
vanderpol,0.4,1.0,1,0.757109864210705,False,2.0,7.446207284927368
vanderpol,0.4,1.0,2,0.744991232069792,False,2.0,7.320587158203125
vanderpol,0.4,1.0,3,0.741573714898658,False,2.0,7.5320329666137695
vanderpol,0.4,1.0,4,0.7331041256452913,False,2.0,7.288092851638794
vanderpol,0.5,1.0,0,0.809617420956221,False,2.0,7.348299980163574
vanderpol,0.5,1.0,1,0.8290039097167082,False,2.0,7.465850114822388
vanderpol,0.5,1.0,2,0.7637911091080088,False,2.0,7.302134037017822
vanderpol,0.5,1.0,3,0.7821039339657431,False,2.0,7.2738189697265625
vanderpol,0.5,1.0,4,0.8168646175630974,False,2.0,7.403017997741699
vanderpol,0.05,0.5,0,0.09837851732447042,False,3.5824177265167236,7.2740771770477295
vanderpol,0.05,0.5,1,0.13112212862354505,False,3.618964195251465,7.261779069900513
vanderpol,0.05,0.5,2,0.218671888735596,False,3.1641483306884766,7.254116773605347
vanderpol,0.05,0.5,3,0.08325915732194718,False,3.3267982006073,7.303444862365723
vanderpol,0.05,0.5,4,0.13519014360530665,False,3.679072380065918,7.467281818389893
vanderpol,0.1,0.5,0,0.24321816299761867,False,3.2451608180999756,7.230591058731079
vanderpol,0.1,0.5,1,0.10987029883978745,False,4.142975330352783,7.212236166000366
vanderpol,0.1,0.5,2,0.4491143358193185,False,2.9747440814971924,7.195714950561523
vanderpol,0.1,0.5,3,0.19307971425705428,False,3.4815752506256104,7.205414056777954
vanderpol,0.1,0.5,4,0.388863453623395,False,3.2223150730133057,7.191802978515625
vanderpol,0.2,0.5,0,0.4332720177355756,False,2.0,7.18693995475769
vanderpol,0.2,0.5,1,0.39332458946059196,False,2.0,7.1945481300354
vanderpol,0.2,0.5,2,0.5041008824926192,False,2.3214945793151855,7.182328939437866
vanderpol,0.2,0.5,3,0.45525211368378055,False,2.207731246948242,7.183003902435303
vanderpol,0.2,0.5,4,0.4603211232110143,False,2.7819266319274902,7.210180759429932
vanderpol,0.3,0.5,0,0.5980189368016532,False,2.0,7.465852975845337
vanderpol,0.3,0.5,1,0.6553722751917787,False,2.0,7.188688039779663
vanderpol,0.3,0.5,2,0.48536827571221336,False,2.0,7.1756768226623535
vanderpol,0.3,0.5,3,0.6561801603400552,False,2.0,7.5633039474487305
vanderpol,0.3,0.5,4,0.5829797741351802,False,2.0,7.803096055984497
vanderpol,0.05,0.25,0,0.11814432014215855,False,3.06634259223938,7.4476659297943115
vanderpol,0.05,0.25,1,0.12088111247205495,False,3.300555944442749,7.269657135009766
vanderpol,0.05,0.25,2,0.11818628721329551,False,2.9263322353363037,7.72619891166687
vanderpol,0.05,0.25,3,0.07123911678332938,False,2.779963731765747,7.274716138839722
vanderpol,0.05,0.25,4,0.1315387791574487,False,3.358120918273926,7.43174409866333
vanderpol,0.1,0.25,0,0.27943769421390974,False,2.5784859657287598,7.2745561599731445
vanderpol,0.1,0.25,1,0.14109710779077178,False,3.0157458782196045,7.231931209564209
vanderpol,0.1,0.25,2,0.14951605553509204,False,3.009777069091797,7.24382209777832
vanderpol,0.1,0.25,3,0.21334555592077564,False,2.3865859508514404,7.482775926589966
vanderpol,0.1,0.25,4,0.1451793377533925,False,2.674335479736328,7.217532157897949
vanderpol,0.2,0.25,0,0.31869983749061287,False,2.3272416591644287,7.486173152923584
vanderpol,0.2,0.25,1,0.31731472814004996,False,2.0,7.268632173538208
vanderpol,0.2,0.25,2,0.3589350337260741,False,2.1885931491851807,7.338387966156006
vanderpol,0.2,0.25,3,0.5071998797347387,False,2.0,7.5486369132995605
vanderpol,0.2,0.25,4,0.2338522391822898,False,2.435382127761841,7.226975917816162
vanderpol,0.3,0.25,0,0.5325897397176114,False,2.0,7.532047986984253
vanderpol,0.3,0.25,1,0.4644068781362391,False,2.0,7.583707332611084
vanderpol,0.3,0.25,2,0.5005482988254889,False,2.0,7.263132095336914
vanderpol,0.3,0.25,3,0.47560802031622473,False,2.0,7.212480068206787
vanderpol,0.3,0.25,4,0.5321969049558032,False,2.0,7.329182863235474
vanderpol,0.1,0.1,0,0.22524137306232625,False,2.0,7.252737045288086
vanderpol,0.1,0.1,1,0.20851292791090298,False,2.419588804244995,7.3870530128479
vanderpol,0.1,0.1,2,0.18633286065110366,False,2.3481571674346924,7.588050842285156
vanderpol,0.1,0.1,3,0.16761986470785373,False,2.262115001678467,7.453488111495972
vanderpol,0.1,0.1,4,0.23411788428067343,False,2.1002087593078613,7.238173007965088
vanderpol,0.2,0.1,0,0.23199871955971865,False,2.026503324508667,7.221236944198608
vanderpol,0.2,0.1,1,0.23607464892498173,False,2.061471939086914,7.510703802108765
vanderpol,0.2,0.1,2,0.3043812203293571,False,2.0,7.398890972137451
vanderpol,0.2,0.1,3,0.32362621510306067,False,2.0,7.289395809173584
vanderpol,0.2,0.1,4,0.4086882122251405,False,2.0,7.582276105880737
vanderpol,0.3,0.1,0,0.3320953636889883,False,2.0,7.305744171142578
vanderpol,0.3,0.1,1,0.4439209754328557,False,2.0,7.321478843688965
vanderpol,0.3,0.1,2,0.4109923899042998,False,2.0,7.251321792602539
vanderpol,0.3,0.1,3,0.451949956784318,False,2.0,7.361266851425171
vanderpol,0.3,0.1,4,0.5212139048070147,False,2.0,7.279244661331177
vanderpol,0.2,0.05,0,0.49789638386351376,False,2.0,7.206834077835083
vanderpol,0.2,0.05,1,0.38532164522405127,False,2.000305652618408,7.447288990020752
vanderpol,0.2,0.05,2,0.5013218261244275,False,2.0,7.314120769500732
vanderpol,0.2,0.05,3,0.5242852205583066,False,2.0,7.2846128940582275
vanderpol,0.2,0.05,4,0.4570933806685872,False,2.0005223751068115,7.2501702308654785
vanderpol,0.3,0.05,0,0.47926999850941554,False,2.0,7.264090061187744
vanderpol,0.3,0.05,1,0.45436291705954845,False,2.0,7.626919984817505
vanderpol,0.3,0.05,2,0.4919792864619694,False,2.0,7.48687219619751
vanderpol,0.3,0.05,3,0.6256247824932034,False,2.0,7.546342849731445
vanderpol,0.3,0.05,4,0.4671474830072376,False,2.0,7.451437950134277
duffing,0.0,1.0,0,0.18174363628679802,False,1.077479362487793,7.670058250427246
duffing,0.0,1.0,1,0.12647495697150757,False,1.0887101888656616,7.469125270843506
duffing,0.0,1.0,2,0.14743682553095708,False,2.0091872215270996,8.134890079498291
duffing,0.0,1.0,3,0.17376165935822158,False,2.01790452003479,7.363464832305908
duffing,0.0,1.0,4,0.1901690013648155,False,7.155887126922607,7.405426979064941
duffing,0.05,1.0,0,0.22065704120908106,False,1.1394805908203125,8.175990104675293
duffing,0.05,1.0,1,0.1803371092008002,False,1.2313650846481323,7.347261905670166
duffing,0.05,1.0,2,0.2227278110120969,False,3.002356767654419,7.326533079147339
duffing,0.05,1.0,3,0.2045703978037577,False,1.411610722541809,7.391514778137207
duffing,0.05,1.0,4,0.14609050798660128,False,2.4160966873168945,7.436102867126465
duffing,0.1,1.0,0,0.18951466323668534,False,1.0,7.700085878372192
duffing,0.1,1.0,1,0.1648149969192233,False,1.2364951372146606,7.41109299659729
duffing,0.1,1.0,2,0.19494692002789835,False,1.0,7.7349770069122314
duffing,0.1,1.0,3,0.17929621735329962,False,1.0097436904907227,7.4090588092803955
duffing,0.1,1.0,4,0.13444105316501195,False,1.020836591720581,7.8477818965911865
duffing,0.2,1.0,0,0.2616903779785783,False,1.0,7.722718000411987
duffing,0.2,1.0,1,0.2991804274255747,False,1.0,7.328733921051025
duffing,0.2,1.0,2,0.23338769821702446,False,1.0,8.11661410331726
duffing,0.2,1.0,3,0.25819448501573244,False,1.0,7.5863869190216064
duffing,0.2,1.0,4,0.20269439569683873,False,1.0,7.375606060028076
duffing,0.3,1.0,0,0.35823034406550797,False,1.0,7.618837118148804
duffing,0.3,1.0,1,0.32047285880022114,False,1.0,7.663230895996094
duffing,0.3,1.0,2,0.34480151379014834,False,1.0,7.4358131885528564
duffing,0.3,1.0,3,0.3152861819473932,False,1.0,7.326683044433594
duffing,0.3,1.0,4,0.3629437586366765,False,1.0,7.337062835693359
duffing,0.4,1.0,0,0.48401070203106117,False,1.0,7.612873792648315
duffing,0.4,1.0,1,0.4422842865887173,False,1.0,7.432906866073608
duffing,0.4,1.0,2,0.4232886541452888,False,1.0,7.377124786376953
duffing,0.4,1.0,3,0.4730573353523027,False,1.0,7.816161155700684
duffing,0.4,1.0,4,0.4744870938809083,False,1.0,7.342841625213623
duffing,0.5,1.0,0,0.5096872469153948,False,1.0,7.4321630001068115
duffing,0.5,1.0,1,0.5266589321420242,False,1.0,7.499749183654785
duffing,0.5,1.0,2,0.5268502428019392,False,1.0,7.572066068649292
duffing,0.5,1.0,3,0.5197985033380343,False,1.0,7.347421884536743
duffing,0.5,1.0,4,0.5260826916045711,False,1.0,7.343650817871094
duffing,0.05,0.5,0,0.19946533414890275,False,1.0340083837509155,7.632167100906372
duffing,0.05,0.5,1,0.1479667130307305,False,1.8753275871276855,7.715678930282593
duffing,0.05,0.5,2,0.16573357929483087,False,1.0203077793121338,7.336322069168091
duffing,0.05,0.5,3,0.1096909195373395,False,1.0602420568466187,7.354954957962036
duffing,0.05,0.5,4,0.1612685348036183,False,1.1509020328521729,7.59348464012146
duffing,0.1,0.5,0,0.21982354672474058,False,1.4114549160003662,7.6113221645355225
duffing,0.1,0.5,1,0.17248104837048303,False,1.0,7.594591856002808
duffing,0.1,0.5,2,0.12487182531452838,False,1.0515871047973633,7.823622226715088
duffing,0.1,0.5,3,0.17121386895977597,False,1.006011724472046,8.278460025787354
duffing,0.1,0.5,4,0.17112776825028664,False,1.0019534826278687,7.579493999481201
duffing,0.2,0.5,0,0.15549977596997408,False,1.0,7.646816968917847
duffing,0.2,0.5,1,0.16761052951043798,False,1.0,7.474807024002075
duffing,0.2,0.5,2,0.16686124037234504,False,1.0,7.411529064178467
duffing,0.2,0.5,3,0.21562235002114422,False,1.0,7.4513678550720215
duffing,0.2,0.5,4,0.17627616393023382,False,1.0,7.352034091949463
duffing,0.3,0.5,0,0.2456424859175219,False,1.0,7.6224870681762695
duffing,0.3,0.5,1,0.23063122916377377,False,1.0,7.832512140274048
duffing,0.3,0.5,2,0.2596601111033759,False,1.0,7.556414365768433
duffing,0.3,0.5,3,0.24013690446033506,False,1.0,7.452920198440552
duffing,0.3,0.5,4,0.22912357113978676,False,1.0,7.961883306503296
duffing,0.05,0.25,0,0.18670461711982123,False,1.0252172946929932,8.065883159637451
duffing,0.05,0.25,1,0.16995475542290453,False,2.158858299255371,8.501528978347778
duffing,0.05,0.25,2,0.139629286672125,False,1.0784295797348022,8.438138723373413
duffing,0.05,0.25,3,0.10825394231473225,False,1.2994391918182373,8.348718881607056
duffing,0.05,0.25,4,0.12888637039464443,False,1.0792827606201172,8.45220685005188
duffing,0.1,0.25,0,0.13701695770723962,False,1.0066721439361572,8.657345056533813
duffing,0.1,0.25,1,0.11781366139889701,False,1.0452133417129517,8.730429887771606
duffing,0.1,0.25,2,0.13876327475851885,False,1.0618172883987427,8.618619918823242
duffing,0.1,0.25,3,0.20285798710627348,False,1.235844612121582,8.826695919036865
duffing,0.1,0.25,4,0.13962733569821845,False,1.014390468597412,8.805310010910034
duffing,0.2,0.25,0,0.15601427052048455,False,1.0,8.871440887451172
duffing,0.2,0.25,1,0.16654248303539299,False,1.0008625984191895,8.848671913146973
duffing,0.2,0.25,2,0.10121276340203665,False,1.0127588510513306,8.826004028320312
duffing,0.2,0.25,3,0.15001243641582818,False,1.0,8.780058860778809
duffing,0.2,0.25,4,0.14576440316692615,False,1.0001407861709595,8.768182039260864
duffing,0.3,0.25,0,0.20444918491476463,False,1.0,8.681909084320068
duffing,0.3,0.25,1,0.21576371671081507,False,1.0,8.168848991394043
duffing,0.3,0.25,2,0.16839597930783623,False,1.0,8.948177814483643
duffing,0.3,0.25,3,0.14791343530910883,False,1.0,9.01445198059082
duffing,0.3,0.25,4,0.17301704607929397,False,1.0,9.009021997451782
duffing,0.1,0.1,0,0.11021315361152988,False,1.1277320384979248,8.951069116592407
duffing,0.1,0.1,1,0.1286940596461127,False,2.1501030921936035,9.055905103683472
duffing,0.1,0.1,2,0.1308316124050305,False,1.115488052368164,8.950684070587158
duffing,0.1,0.1,3,0.10215260151573442,False,1.1107240915298462,9.001648187637329
duffing,0.1,0.1,4,0.0990978561069851,False,1.1291333436965942,9.011829853057861
duffing,0.2,0.1,0,0.09744068595590145,False,1.1205687522888184,8.95034909248352
duffing,0.2,0.1,1,0.10497900941272402,False,1.0504525899887085,8.978659868240356
duffing,0.2,0.1,2,0.10975602010160063,False,1.06023108959198,8.986265897750854
duffing,0.2,0.1,3,0.11889679064471993,False,1.0564974546432495,7.54920506477356
duffing,0.2,0.1,4,0.12523034810833125,False,1.053868055343628,7.358858823776245
duffing,0.3,0.1,0,0.13928940481269786,False,1.0,7.353271961212158
duffing,0.3,0.1,1,0.16716611411096488,False,1.0,8.025996685028076
duffing,0.3,0.1,2,0.07712244317342445,False,1.1091924905776978,8.170150995254517
duffing,0.3,0.1,3,0.141537099837945,False,1.0,9.949259042739868
duffing,0.3,0.1,4,0.17126316601818492,False,1.0,9.982748746871948
duffing,0.2,0.05,0,0.14444379096593135,False,1.0463312864303589,9.606230974197388
duffing,0.2,0.05,1,0.14494434038937015,False,1.0,9.365643739700317
duffing,0.2,0.05,2,0.1375977654707517,False,1.2480089664459229,9.015458822250366
duffing,0.2,0.05,3,0.1244457872352994,False,1.4081408977508545,7.32309889793396
duffing,0.2,0.05,4,0.1044637227421582,False,1.1361924409866333,7.7618420124053955
duffing,0.3,0.05,0,0.17627249315197135,False,1.0,7.677673101425171
duffing,0.3,0.05,1,0.19751977390781525,False,1.0,7.652949094772339
duffing,0.3,0.05,2,0.17430959829171028,False,1.0,7.644247055053711
duffing,0.3,0.05,3,0.10582680634161822,False,1.045943260192871,8.464138984680176
duffing,0.3,0.05,4,0.14562206606636124,False,1.0,9.08217477798462
