system,noise,obs_frac,seed,mean_rel_error,train_seconds
lorenz,0.0,1.0,0,0.0075879060112547,22.24107599258423
lorenz,0.0,1.0,1,0.0081211368188712,23.46522879600525
lorenz,0.0,1.0,2,0.0091223237311851,21.681721687316895
lorenz,0.01,1.0,0,0.0106890725896417,21.441368103027344
lorenz,0.01,1.0,1,0.0107394680535344,21.579122066497803
lorenz,0.01,1.0,2,0.0108601668591503,21.53226113319397
lorenz,0.05,1.0,0,0.0097250889816319,21.741355180740356
lorenz,0.05,1.0,1,0.0116869312626461,21.71946406364441
lorenz,0.05,1.0,2,0.0201647361387859,21.647132873535156
lorenz,0.1,1.0,0,0.0076069669457619,21.618614673614506
lorenz,0.1,1.0,1,0.0030374400652061,21.55908703804016
lorenz,0.1,1.0,2,0.0032180916047515,22.761416912078857
lorenz,0.2,1.0,0,0.023218414987817,21.825872898101807
lorenz,0.2,1.0,1,0.0146407052602906,22.863367319107056
lorenz,0.2,1.0,2,0.0064034854859607,21.9199481010437
lorenz,0.05,0.5,0,0.007377784378639,21.285842895507812
lorenz,0.05,0.5,1,0.0050739223615224,20.989838123321533
lorenz,0.05,0.5,2,0.0066422493746861,21.529016971588135
lorenz,0.1,0.5,0,0.0214239092014077,21.10702419281006
lorenz,0.1,0.5,1,0.0028324268102836,21.145615100860596
lorenz,0.1,0.5,2,0.0126545678745286,22.616169929504395
lorenz,0.1,0.25,0,0.4747954848722919,22.875737190246586
lorenz,0.1,0.25,1,0.243278705997113,22.426921129226685
lorenz,0.1,0.25,2,0.5948151905699693,22.310016870498657
lorenz,0.2,0.25,0,0.4743481022812379,21.43512392044067
lorenz,0.2,0.25,1,0.220075439198324,21.598244190216064
lorenz,0.2,0.25,2,0.6006304833851795,22.497647047042847
vanderpol,0.0,1.0,0,0.0817129203404392,32.98236322402954
vanderpol,0.0,1.0,1,0.0426786328545617,33.001307249069214
vanderpol,0.0,1.0,2,0.0469877484940407,32.91522002220154
vanderpol,0.01,1.0,0,0.0325676635982177,36.45643591880798
vanderpol,0.01,1.0,1,0.0558479149051746,32.399738073349
vanderpol,0.01,1.0,2,0.0448550953703038,32.022841691970825
vanderpol,0.05,1.0,0,0.07257678456198,33.03654408454895
vanderpol,0.05,1.0,1,0.4806992988349208,30.55708408355713
vanderpol,0.05,1.0,2,0.0382407712467408,31.9742968082428
vanderpol,0.1,1.0,0,0.0315666636943598,37.79360914230347
vanderpol,0.1,1.0,1,0.0485060568512501,37.40914487838745
vanderpol,0.1,1.0,2,0.0591179432918279,37.05556607246399
vanderpol,0.2,1.0,0,0.118013918997496,37.28902816772461
vanderpol,0.2,1.0,1,0.0395085018026033,36.6912477016449
vanderpol,0.2,1.0,2,0.0414194257586403,40.67555379867554
vanderpol,0.05,0.5,0,0.0939177997207876,31.226996898651123
vanderpol,0.05,0.5,1,0.0485229845619024,32.552350997924805
vanderpol,0.05,0.5,2,0.0391848487432995,31.787749767303467
vanderpol,0.1,0.5,0,0.7536156581767595,28.713030099868774
vanderpol,0.1,0.5,1,0.153061253787824,29.774197101593018
vanderpol,0.1,0.5,2,0.1574750947358107,37.04563093185425
vanderpol,0.1,0.25,0,0.0565398052757821,24.62502694129944
vanderpol,0.1,0.25,1,0.0498846519909625,22.559412002563477
vanderpol,0.1,0.25,2,0.2241338562863433,23.160233974456787
vanderpol,0.2,0.25,0,0.0223092921290453,24.92661190032959
vanderpol,0.2,0.25,1,0.0407234822742146,24.26237320899963
vanderpol,0.2,0.25,2,0.0266184077685243,24.138609886169434
duffing,0.0,1.0,0,0.0014933771021688,47.29902410507202
duffing,0.0,1.0,1,0.0047614792804181,43.71728610992432
duffing,0.0,1.0,2,0.0014338712360423,46.35239887237549
duffing,0.01,1.0,0,0.0070448195803923,43.97141098976135
duffing,0.01,1.0,1,0.0068194421115735,41.61046385765076
duffing,0.01,1.0,2,0.0042529093005468,41.47714519500733
duffing,0.05,1.0,0,0.0047725997172406,41.34847688674927
duffing,0.05,1.0,1,0.0043663192373722,41.472079038619995
duffing,0.05,1.0,2,0.0027470949492155,41.456483125686646
duffing,0.1,1.0,0,0.0051135501703971,41.390440940856934
duffing,0.1,1.0,1,0.0032371446099079,41.50921678543091
duffing,0.1,1.0,2,0.0035713797658328,41.485881090164185
duffing,0.2,1.0,0,0.0041833588867843,41.41334390640259
duffing,0.2,1.0,1,0.0066779859961026,41.427308082580566
duffing,0.2,1.0,2,0.0035716292954213,41.4415922164917
duffing,0.05,0.5,0,0.0034752345360703,33.29280996322632
duffing,0.05,0.5,1,0.0048922106813626,33.35125494003296
duffing,0.05,0.5,2,0.0033864858074284,33.33151888847351
duffing,0.1,0.5,0,0.0041041004402382,33.32445812225342
duffing,0.1,0.5,1,0.0075433373814549,33.603609800338745
duffing,0.1,0.5,2,0.0039922972751949,33.46918296813965
duffing,0.1,0.25,0,0.0062132436719323,29.548601150512695
duffing,0.1,0.25,1,0.01427198386614,29.491134881973267
duffing,0.1,0.25,2,0.0041798668261977,29.545400857925415
duffing,0.2,0.25,0,0.0112332422750701,29.581310987472538
duffing,0.2,0.25,1,0.0154551687592898,29.60898518562317
duffing,0.2,0.25,2,0.0084256839777638,29.46717596054077
lorenz,0.0,1.0,3,0.0062644247362291265,21.784780025482178
lorenz,0.0,1.0,4,0.00786621047709271,21.786861896514893
lorenz,0.01,1.0,3,0.008652711615812004,20.836094856262207
lorenz,0.01,1.0,4,0.0069137215987855735,20.913349151611328
lorenz,0.05,1.0,3,0.012110772792353055,21.593256950378418
lorenz,0.05,1.0,4,0.011292162341466122,22.29618787765503
lorenz,0.1,1.0,3,0.00870148754955932,21.787864923477173
lorenz,0.1,1.0,4,0.022500962213798107,21.808578729629517
lorenz,0.2,1.0,3,0.014422326495513171,21.40785002708435
lorenz,0.2,1.0,4,0.024540141825804537,22.140974044799805
lorenz,0.05,0.5,3,0.013700388783594144,21.978463888168335
lorenz,0.05,0.5,4,0.009043197139439029,21.002204179763794
lorenz,0.1,0.5,3,0.01327713787893133,21.006375074386597
lorenz,0.1,0.5,4,0.010409527950346146,21.24939274787903
lorenz,0.1,0.25,3,0.011242461343305378,21.097829818725586
lorenz,0.1,0.25,4,0.008182704599549574,20.468719959259033
lorenz,0.2,0.25,3,0.011562740015575779,20.59217882156372
lorenz,0.2,0.25,4,0.015075555565123043,20.503528833389282
vanderpol,0.0,1.0,3,0.0646738682673139,30.332618951797485
vanderpol,0.0,1.0,4,0.05350306935213353,30.456931114196777
vanderpol,0.01,1.0,3,0.05644020596416215,30.503302097320557
vanderpol,0.01,1.0,4,0.12533229283312114,30.69467520713806
vanderpol,0.05,1.0,3,0.037804405860522895,33.46303200721741
vanderpol,0.05,1.0,4,0.02923129527509943,30.164515018463135
vanderpol,0.1,1.0,3,0.047012663223099535,30.700378894805908
vanderpol,0.1,1.0,4,0.2282748273069833,30.887912034988403
vanderpol,0.2,1.0,3,0.03984723482949538,30.69576907157898
vanderpol,0.2,1.0,4,0.17950490082524734,31.160439014434814
vanderpol,0.05,0.5,3,0.5813294126662872,24.992067098617554
vanderpol,0.05,0.5,4,0.2731300418865171,24.474003076553345
vanderpol,0.1,0.5,3,0.13557343856856635,24.583873987197876
vanderpol,0.1,0.5,4,0.17521569312716928,25.369752168655396
vanderpol,0.1,0.25,3,0.051005337961686485,22.31077003479004
vanderpol,0.1,0.25,4,0.3968936604627767,21.494362831115723
vanderpol,0.2,0.25,3,0.03953568150703107,21.433444023132324
vanderpol,0.2,0.25,4,0.07463981949542838,21.457465887069702
duffing,0.0,1.0,3,0.008539023076269756,41.88236403465271
duffing,0.0,1.0,4,0.001936391949912457,41.591187953948975
duffing,0.01,1.0,3,0.00553014847599494,45.00144386291504
duffing,0.01,1.0,4,0.00300736520895418,42.873740911483765
duffing,0.05,1.0,3,0.002887869935279037,41.03266525268555
duffing,0.05,1.0,4,0.008095998287944208,41.1296923160553
duffing,0.1,1.0,3,0.0030455619726799652,42.369070291519165
duffing,0.1,1.0,4,0.009810063986062663,42.349063873291016
duffing,0.2,1.0,3,0.0036646277838904397,42.88547921180725
duffing,0.2,1.0,4,0.015165235421926415,41.829049825668335
duffing,0.05,0.5,3,0.006618295311949742,32.96004509925842
duffing,0.05,0.5,4,0.010203363386162146,32.9888072013855
duffing,0.1,0.5,3,0.0036327776152410974,32.87441420555115
duffing,0.1,0.5,4,0.012637519586894734,32.99103498458862
duffing,0.1,0.25,3,0.010678663098171027,29.434178113937378
duffing,0.1,0.25,4,0.009601245439188572,29.351346015930176
duffing,0.2,0.25,3,0.02190641944154432,29.448302030563354
duffing,0.2,0.25,4,0.013776262211063511,29.47675108909607
