system,noise,obs_frac,mean_rel_error_mean,mean_rel_error_std,n_seeds
duffing,0.0,1.0,0.0036328285289622597,0.003067375103619703,5
duffing,0.01,1.0,0.0053309369354923196,0.0017141948377921677,5
duffing,0.05,0.5,0.00571511794459462,0.0028318217713408263,5
duffing,0.05,1.0,0.004573976425410299,0.002160304477619691,5
duffing,0.1,0.25,0.008989000580325899,0.003936124663587126,5
duffing,0.1,0.5,0.00638200645980474,0.0038385530820070402,5
duffing,0.1,1.0,0.0049555401009760604,0.002833203517248238,5
duffing,0.2,0.25,0.0141593553329463,0.005081338896279387,5
duffing,0.2,1.0,0.0066525674768249995,0.004924000314583032,5
lorenz,0.0,1.0,0.00779240035492656,0.0010318356472214447,5
lorenz,0.01,1.0,0.00957102814338478,0.0017451172706085866,5
lorenz,0.05,0.5,0.00836750840757612,0.0033052968775159983,5
lorenz,0.05,1.0,0.0129959383033766,0.004107614503379624,5
lorenz,0.1,0.25,0.2664629094764458,0.2662711640123137,5
lorenz,0.1,0.5,0.012119513943099462,0.006659057488059103,5
lorenz,0.1,1.0,0.00901298967581538,0.00795750233239579,5
lorenz,0.2,0.25,0.26433846408908807,0.26701271036929863,5
lorenz,0.2,1.0,0.01664501481107718,0.007405895345989242,5
vanderpol,0.0,1.0,0.0579112478616978,0.015676735021192618,5
vanderpol,0.01,1.0,0.06300863453419586,0.036176173923406794,5
vanderpol,0.05,0.5,0.20721701751575877,0.22943404802767042,5
vanderpol,0.05,1.0,0.13171051115585278,0.1957976698817769,5
vanderpol,0.1,0.25,0.15569146239551018,0.15398715735454602,5
vanderpol,0.1,0.5,0.2749882276792259,0.26793225947750005,5
vanderpol,0.1,1.0,0.08289563087350413,0.08186174659583936,5
vanderpol,0.2,0.25,0.0407653366348487,0.020553318270668683,5
vanderpol,0.2,1.0,0.08365879644269644,0.06328431095983741,5
