system,noise,obs_frac,pattern,seed,recall,precision
lorenz,0.1,0.5,random,0,1.0,0.3333333333333333
lorenz,0.1,0.5,random,1,1.0,0.4375
lorenz,0.1,0.5,random,2,1.0,0.3181818181818182
lorenz,0.1,0.5,regular,0,1.0,0.6363636363636364
lorenz,0.1,0.5,regular,1,1.0,0.7
lorenz,0.1,0.5,regular,2,1.0,0.6363636363636364
lorenz,0.1,0.5,block,0,0.8571428571428571,0.42857142857142855
lorenz,0.1,0.5,block,1,0.8571428571428571,0.3157894736842105
lorenz,0.1,0.5,block,2,0.8571428571428571,0.5
lorenz,0.1,0.25,random,0,1.0,0.175
lorenz,0.1,0.25,random,1,1.0,0.25925925925925924
lorenz,0.1,0.25,random,2,1.0,0.21212121212121213
lorenz,0.1,0.25,regular,0,1.0,0.5384615384615384
lorenz,0.1,0.25,regular,1,0.8571428571428571,0.4
lorenz,0.1,0.25,regular,2,0.8571428571428571,0.46153846153846156
lorenz,0.1,0.25,block,0,1.0,0.2916666666666667
lorenz,0.1,0.25,block,1,1.0,0.4375
lorenz,0.1,0.25,block,2,1.0,0.23333333333333334
lorenz,0.3,0.05,random,0,1.0,0.14893617021276595
lorenz,0.3,0.05,random,1,1.0,0.18421052631578946
lorenz,0.3,0.05,random,2,1.0,0.13725490196078433
lorenz,0.3,0.05,regular,0,1.0,0.18421052631578946
lorenz,0.3,0.05,regular,1,0.8571428571428571,0.20689655172413793
lorenz,0.3,0.05,regular,2,0.8571428571428571,0.24
lorenz,0.3,0.05,block,0,1.0,0.14
lorenz,0.3,0.05,block,1,1.0,0.1206896551724138
lorenz,0.3,0.05,block,2,1.0,0.1590909090909091
vanderpol,0.1,0.5,random,0,1.0,1.0
vanderpol,0.1,0.5,random,1,1.0,0.36363636363636365
vanderpol,0.1,0.5,random,2,1.0,1.0
vanderpol,0.1,0.5,regular,0,1.0,1.0
vanderpol,0.1,0.5,regular,1,1.0,1.0
vanderpol,0.1,0.5,regular,2,1.0,1.0
vanderpol,0.1,0.5,block,0,1.0,1.0
vanderpol,0.1,0.5,block,1,1.0,1.0
vanderpol,0.1,0.5,block,2,1.0,1.0
vanderpol,0.1,0.25,random,0,1.0,0.3076923076923077
vanderpol,0.1,0.25,random,1,1.0,0.21052631578947367
vanderpol,0.1,0.25,random,2,1.0,0.2857142857142857
vanderpol,0.1,0.25,regular,0,1.0,1.0
vanderpol,0.1,0.25,regular,1,1.0,1.0
vanderpol,0.1,0.25,regular,2,1.0,0.8
vanderpol,0.1,0.25,block,0,1.0,1.0
vanderpol,0.1,0.25,block,1,0.75,0.3333333333333333
vanderpol,0.1,0.25,block,2,1.0,0.3076923076923077
vanderpol,0.3,0.05,random,0,1.0,0.21052631578947367
vanderpol,0.3,0.05,random,1,1.0,0.2
vanderpol,0.3,0.05,random,2,1.0,0.2222222222222222
vanderpol,0.3,0.05,regular,0,1.0,1.0
vanderpol,0.3,0.05,regular,1,1.0,0.6666666666666666
vanderpol,0.3,0.05,regular,2,1.0,0.8
vanderpol,0.3,0.05,block,0,1.0,0.2
vanderpol,0.3,0.05,block,1,1.0,0.21052631578947367
vanderpol,0.3,0.05,block,2,1.0,0.23529411764705882
duffing,0.1,0.5,random,0,1.0,0.5384615384615384
duffing,0.1,0.5,random,1,1.0,0.4375
duffing,0.1,0.5,random,2,1.0,0.3684210526315789
duffing,0.1,0.5,regular,0,1.0,1.0
duffing,0.1,0.5,regular,1,1.0,1.0
duffing,0.1,0.5,regular,2,1.0,1.0
duffing,0.1,0.5,block,0,1.0,0.16666666666666666
duffing,0.1,0.5,block,1,0.8571428571428571,0.15789473684210525
duffing,0.1,0.5,block,2,1.0,0.28
duffing,0.1,0.25,random,0,1.0,0.2916666666666667
duffing,0.1,0.25,random,1,1.0,0.25925925925925924
duffing,0.1,0.25,random,2,1.0,0.21875
duffing,0.1,0.25,regular,0,1.0,0.875
duffing,0.1,0.25,regular,1,1.0,1.0
duffing,0.1,0.25,regular,2,1.0,1.0
duffing,0.1,0.25,block,0,1.0,0.14893617021276595
duffing,0.1,0.25,block,1,1.0,0.14893617021276595
duffing,0.1,0.25,block,2,1.0,0.14583333333333334
duffing,0.3,0.05,random,0,0.8571428571428571,0.13333333333333333
duffing,0.3,0.05,random,1,1.0,0.14893617021276595
duffing,0.3,0.05,random,2,1.0,0.15555555555555556
duffing,0.3,0.05,regular,0,1.0,0.3684210526315789
duffing,0.3,0.05,regular,1,1.0,0.3684210526315789
duffing,0.3,0.05,regular,2,1.0,0.3888888888888889
duffing,0.3,0.05,block,0,1.0,0.14893617021276595
duffing,0.3,0.05,block,1,1.0,0.14583333333333334
duffing,0.3,0.05,block,2,0.8571428571428571,0.13333333333333333
