system,noise,obs_frac,seed,precision,recall,coef_err
lorenz,0.0,1.0,0,1.0,1.0,0.008491590478414291
lorenz,0.0,1.0,1,1.0,1.0,0.008491590478414291
lorenz,0.0,1.0,2,1.0,1.0,0.008491590478414291
lorenz,0.0,1.0,3,1.0,1.0,0.008491590478414291
lorenz,0.0,1.0,4,1.0,1.0,0.008491590478414291
lorenz,0.05,1.0,0,0.875,1.0,0.016162572193883392
lorenz,0.05,1.0,1,0.7777777777777778,1.0,0.012943452906427315
lorenz,0.05,1.0,2,0.7777777777777778,1.0,0.018668287386627434
lorenz,0.05,1.0,3,0.7777777777777778,1.0,0.015541500792876875
lorenz,0.05,1.0,4,0.875,1.0,0.02669783061972498
lorenz,0.1,1.0,0,0.875,1.0,0.03867897975729836
lorenz,0.1,1.0,1,0.7,1.0,0.02936416468635855
lorenz,0.1,1.0,2,0.7,1.0,0.04721255326192255
lorenz,0.1,1.0,3,0.6363636363636364,1.0,0.040487757390679745
lorenz,0.1,1.0,4,0.7,1.0,0.05614595148752276
lorenz,0.2,1.0,0,0.3333333333333333,0.7142857142857143,4.644505194915225
lorenz,0.2,1.0,1,0.46153846153846156,0.8571428571428571,3.8063033404638755
lorenz,0.2,1.0,2,0.5384615384615384,1.0,0.6719519842655053
lorenz,0.2,1.0,3,0.46153846153846156,0.8571428571428571,0.0488702730464698
lorenz,0.2,1.0,4,0.5833333333333334,1.0,0.14780863342813474
lorenz,0.3,1.0,0,0.4117647058823529,1.0,0.8742126395856086
lorenz,0.3,1.0,1,0.4117647058823529,1.0,0.2671970866911613
lorenz,0.3,1.0,2,0.35,1.0,1.169085267280094
lorenz,0.3,1.0,3,0.46153846153846156,0.8571428571428571,0.1609169642558422
lorenz,0.3,1.0,4,0.4666666666666667,1.0,0.4850507711916055
lorenz,0.4,1.0,0,0.4117647058823529,1.0,1.1721782556605962
lorenz,0.4,1.0,1,0.4666666666666667,1.0,0.5018627440959045
lorenz,0.4,1.0,2,0.3684210526315789,1.0,1.4483211537076364
lorenz,0.4,1.0,3,0.3888888888888889,1.0,0.41085736200000367
lorenz,0.4,1.0,4,0.4666666666666667,1.0,0.6158165323241097
lorenz,0.5,1.0,0,0.35,1.0,1.408898863452087
lorenz,0.5,1.0,1,0.4375,1.0,1.0765263395670563
lorenz,0.5,1.0,2,0.3684210526315789,1.0,1.6382535833800371
lorenz,0.5,1.0,3,0.3888888888888889,1.0,0.5049387064815272
lorenz,0.5,1.0,4,0.3888888888888889,1.0,0.7155135730249206
lorenz,0.05,0.5,0,0.4375,1.0,0.42647199107519235
lorenz,0.05,0.5,1,0.5,1.0,0.4555435032750192
lorenz,0.05,0.5,2,0.3333333333333333,1.0,1.1246716441441154
lorenz,0.05,0.5,3,0.4666666666666667,1.0,0.3349389548075977
lorenz,0.05,0.5,4,0.6,0.8571428571428571,0.41888009779901103
lorenz,0.1,0.5,0,0.3333333333333333,1.0,0.8751803009931541
lorenz,0.1,0.5,1,0.4375,1.0,0.4946465822069622
lorenz,0.1,0.5,2,0.3181818181818182,1.0,1.203885247064171
lorenz,0.1,0.5,3,0.4666666666666667,1.0,0.3446009843289836
lorenz,0.1,0.5,4,0.5384615384615384,1.0,0.5520814804176956
lorenz,0.2,0.5,0,0.2777777777777778,0.7142857142857143,0.4006357055429074
lorenz,0.2,0.5,1,0.4117647058823529,1.0,0.5165963773726806
lorenz,0.2,0.5,2,0.28,1.0,1.2771256342214243
lorenz,0.2,0.5,3,0.4375,1.0,0.3198429324070894
lorenz,0.2,0.5,4,0.3684210526315789,1.0,1.0327717228310676
lorenz,0.3,0.5,0,0.35,1.0,0.7379408626623715
lorenz,0.3,0.5,1,0.30434782608695654,1.0,1.20581827089916
lorenz,0.3,0.5,2,0.2692307692307692,1.0,1.5446202289687432
lorenz,0.3,0.5,3,0.46153846153846156,0.8571428571428571,0.40560859783068476
lorenz,0.3,0.5,4,0.3,0.8571428571428571,0.8748279606498217
lorenz,0.05,0.25,0,0.17073170731707318,1.0,2.1965262866773227
lorenz,0.05,0.25,1,0.25,1.0,2.3553017089546127
lorenz,0.05,0.25,2,0.20588235294117646,1.0,12.080124578108679
lorenz,0.05,0.25,3,0.2692307692307692,1.0,1.8077740456681364
lorenz,0.05,0.25,4,0.20588235294117646,1.0,5.11944292636891
lorenz,0.1,0.25,0,0.175,1.0,2.1078063742888986
lorenz,0.1,0.25,1,0.25925925925925924,1.0,2.3586136409935787
lorenz,0.1,0.25,2,0.21212121212121213,1.0,15.774367093928047
lorenz,0.1,0.25,3,0.19230769230769232,0.7142857142857143,5.333406135515886
lorenz,0.1,0.25,4,0.20588235294117646,1.0,5.207361710496476
lorenz,0.2,0.25,0,0.21875,1.0,2.1115047455802967
lorenz,0.2,0.25,1,0.2413793103448276,1.0,2.2863213071252275
lorenz,0.2,0.25,2,0.23333333333333334,1.0,19.898645324649532
lorenz,0.2,0.25,3,0.25925925925925924,1.0,0.7030395353013695
lorenz,0.2,0.25,4,0.2,0.8571428571428571,2.3656660503611895
lorenz,0.3,0.25,0,0.1794871794871795,1.0,2.4251187128338505
lorenz,0.3,0.25,1,0.2413793103448276,1.0,2.1620700193045224
lorenz,0.3,0.25,2,0.21212121212121213,1.0,14.561847289897669
lorenz,0.3,0.25,3,0.30434782608695654,1.0,0.6499383543944991
lorenz,0.3,0.25,4,0.2692307692307692,1.0,1.8869179816900117
lorenz,0.1,0.1,0,0.1875,0.8571428571428571,11.177961127141293
lorenz,0.1,0.1,1,0.20588235294117646,1.0,5.203616513200316
lorenz,0.1,0.1,2,0.14285714285714285,1.0,18.42357051499234
lorenz,0.1,0.1,3,0.1346153846153846,1.0,34.818648152985496
lorenz,0.1,0.1,4,0.14893617021276595,1.0,23.474060418595226
lorenz,0.2,0.1,0,0.17142857142857143,0.8571428571428571,11.634026176069902
lorenz,0.2,0.1,1,0.2,0.8571428571428571,6.60561953458181
lorenz,0.2,0.1,2,0.16279069767441862,1.0,5.134464251189477
lorenz,0.2,0.1,3,0.1320754716981132,1.0,44.59483551628721
lorenz,0.2,0.1,4,0.15555555555555556,1.0,8.772971926992373
lorenz,0.3,0.1,0,0.20588235294117646,1.0,13.936875752631034
lorenz,0.3,0.1,1,0.1891891891891892,1.0,5.630637356834636
lorenz,0.3,0.1,2,0.14893617021276595,1.0,5.891010970064229
lorenz,0.3,0.1,3,0.1346153846153846,1.0,32.65246525510144
lorenz,0.3,0.1,4,0.1794871794871795,1.0,1.7538010889191504
lorenz,0.2,0.05,0,0.13043478260869565,0.8571428571428571,21.632388018941086
lorenz,0.2,0.05,1,0.13333333333333333,0.8571428571428571,27.467426700293554
lorenz,0.2,0.05,2,0.1320754716981132,1.0,34.15913613944744
lorenz,0.2,0.05,3,0.14,1.0,25.150595258723175
lorenz,0.2,0.05,4,0.14893617021276595,1.0,20.272129027256195
lorenz,0.3,0.05,0,0.14893617021276595,1.0,5.270083303505146
lorenz,0.3,0.05,1,0.18421052631578946,1.0,3.8916085382673486
lorenz,0.3,0.05,2,0.13725490196078433,1.0,19.12951366799041
lorenz,0.3,0.05,3,0.14,1.0,48.272776274702004
lorenz,0.3,0.05,4,0.13725490196078433,1.0,11.88506972762711
vanderpol,0.0,1.0,0,1.0,1.0,0.00029151436280183966
vanderpol,0.0,1.0,1,1.0,1.0,0.00029151436280183966
vanderpol,0.0,1.0,2,1.0,1.0,0.00029151436280183966
vanderpol,0.0,1.0,3,1.0,1.0,0.00029151436280183966
vanderpol,0.0,1.0,4,1.0,1.0,0.00029151436280183966
vanderpol,0.05,1.0,0,1.0,1.0,0.005490149267338672
vanderpol,0.05,1.0,1,1.0,1.0,0.013983523522460791
vanderpol,0.05,1.0,2,1.0,1.0,0.00528782875212593
vanderpol,0.05,1.0,3,1.0,1.0,0.0063476450837468236
vanderpol,0.05,1.0,4,1.0,1.0,0.005018639353175362
vanderpol,0.1,1.0,0,1.0,1.0,0.015499091042412462
vanderpol,0.1,1.0,1,1.0,1.0,0.0329256239183292
vanderpol,0.1,1.0,2,1.0,1.0,0.015558990660612709
vanderpol,0.1,1.0,3,1.0,1.0,0.01718700071800721
vanderpol,0.1,1.0,4,1.0,1.0,0.016093773624803784
vanderpol,0.2,1.0,0,1.0,1.0,0.04728382450685925
vanderpol,0.2,1.0,1,1.0,1.0,0.08280735408792306
vanderpol,0.2,1.0,2,1.0,1.0,0.050552951484127195
vanderpol,0.2,1.0,3,0.4444444444444444,1.0,0.10657298530090269
vanderpol,0.2,1.0,4,1.0,1.0,0.056610070867300445
vanderpol,0.3,1.0,0,1.0,1.0,0.08982062404290231
vanderpol,0.3,1.0,1,1.0,1.0,0.14195662497967299
vanderpol,0.3,1.0,2,1.0,1.0,0.10052964977206968
vanderpol,0.3,1.0,3,0.2857142857142857,1.0,0.27818224469136454
vanderpol,0.3,1.0,4,1.0,1.0,0.11593925112320363
vanderpol,0.4,1.0,0,0.6666666666666666,1.0,0.16446025692499722
vanderpol,0.4,1.0,1,0.8,1.0,0.20593254462649163
vanderpol,0.4,1.0,2,1.0,1.0,0.15961288520312367
vanderpol,0.4,1.0,3,0.2857142857142857,1.0,0.38077546710247306
vanderpol,0.4,1.0,4,0.5,1.0,0.18932461471928186
vanderpol,0.5,1.0,0,0.4444444444444444,1.0,0.22819693281768988
vanderpol,0.5,1.0,1,0.5,1.0,0.30330414704420555
vanderpol,0.5,1.0,2,0.6666666666666666,1.0,0.2843296457150708
vanderpol,0.5,1.0,3,0.23529411764705882,1.0,0.39201081140679594
vanderpol,0.5,1.0,4,0.5,1.0,0.2665787315558431
vanderpol,0.05,0.5,0,1.0,1.0,0.4840372038584907
vanderpol,0.05,0.5,1,0.5714285714285714,1.0,0.29649805236267396
vanderpol,0.05,0.5,2,1.0,1.0,0.43208325125678215
vanderpol,0.05,0.5,3,0.5,1.0,0.5058964542992532
vanderpol,0.05,0.5,4,0.6666666666666666,1.0,0.5492549920729338
vanderpol,0.1,0.5,0,1.0,1.0,0.47245821895563445
vanderpol,0.1,0.5,1,0.36363636363636365,1.0,0.3775155602365165
vanderpol,0.1,0.5,2,1.0,1.0,0.40969392739231675
vanderpol,0.1,0.5,3,0.5,1.0,0.49646985386404024
vanderpol,0.1,0.5,4,1.0,1.0,0.401964425718285
vanderpol,0.2,0.5,0,0.5714285714285714,1.0,0.4209623397184979
vanderpol,0.2,0.5,1,0.2857142857142857,1.0,0.5250379666738145
vanderpol,0.2,0.5,2,1.0,1.0,0.34780774596922376
vanderpol,0.2,0.5,3,0.4,1.0,0.46508724300960813
vanderpol,0.2,0.5,4,0.5,1.0,0.3297566205730096
vanderpol,0.3,0.5,0,0.5,1.0,0.36810118119998325
vanderpol,0.3,0.5,1,0.1875,0.75,0.5106368021075117
vanderpol,0.3,0.5,2,0.4444444444444444,1.0,0.2603347846496732
vanderpol,0.3,0.5,3,0.4,1.0,0.422380825859742
vanderpol,0.3,0.5,4,0.4,1.0,0.43357150787389603
vanderpol,0.05,0.25,0,0.3076923076923077,1.0,1.080950159148649
vanderpol,0.05,0.25,1,0.3333333333333333,1.0,1.1948183096564018
vanderpol,0.05,0.25,2,0.4444444444444444,1.0,1.5346491010169956
vanderpol,0.05,0.25,3,0.4444444444444444,1.0,1.1048909556954851
vanderpol,0.05,0.25,4,0.4,1.0,1.0894033768600628
vanderpol,0.1,0.25,0,0.3076923076923077,1.0,1.0330899646629528
vanderpol,0.1,0.25,1,0.21052631578947367,1.0,1.1747801218534482
vanderpol,0.1,0.25,2,0.2857142857142857,1.0,1.5539089414006708
vanderpol,0.1,0.25,3,0.6666666666666666,1.0,1.1040497458153409
vanderpol,0.1,0.25,4,0.5,1.0,0.967014446766871
vanderpol,0.2,0.25,0,0.3076923076923077,1.0,0.9343804465601098
vanderpol,0.2,0.25,1,0.21052631578947367,1.0,1.0098877124603585
vanderpol,0.2,0.25,2,0.23529411764705882,1.0,1.3283125414146995
vanderpol,0.2,0.25,3,0.36363636363636365,1.0,0.6387294426462766
vanderpol,0.2,0.25,4,0.3333333333333333,1.0,0.5109076571687249
vanderpol,0.3,0.25,0,0.23529411764705882,1.0,0.575021966963386
vanderpol,0.3,0.25,1,0.2222222222222222,1.0,0.8409128876053281
vanderpol,0.3,0.25,2,0.2857142857142857,1.0,0.9307757453561856
vanderpol,0.3,0.25,3,0.25,1.0,0.45439112798861464
vanderpol,0.3,0.25,4,0.3076923076923077,1.0,0.3083618265319677
vanderpol,0.1,0.1,0,0.2,1.0,1.7896387553694648
vanderpol,0.1,0.1,1,0.2222222222222222,1.0,2.1130229891176553
vanderpol,0.1,0.1,2,0.2222222222222222,1.0,2.5859916821200875
vanderpol,0.1,0.1,3,0.23529411764705882,1.0,3.087912011343924
vanderpol,0.1,0.1,4,0.2,1.0,2.3620334425043192
vanderpol,0.2,0.1,0,0.25,1.0,1.6837729485623487
vanderpol,0.2,0.1,1,0.2222222222222222,1.0,1.9342225618833635
vanderpol,0.2,0.1,2,0.25,1.0,2.3585202999278767
vanderpol,0.2,0.1,3,0.21052631578947367,1.0,3.0147558073812473
vanderpol,0.2,0.1,4,0.2,1.0,1.2080094893719728
vanderpol,0.3,0.1,0,0.2222222222222222,1.0,2.3091708464046485
vanderpol,0.3,0.1,1,0.25,1.0,1.8090268055779928
vanderpol,0.3,0.1,2,0.2222222222222222,1.0,2.1164095547230826
vanderpol,0.3,0.1,3,0.2,1.0,2.804738166092939
vanderpol,0.3,0.1,4,0.21052631578947367,1.0,1.0107749693578745
vanderpol,0.2,0.05,0,0.2222222222222222,1.0,2.495161070040077
vanderpol,0.2,0.05,1,0.23529411764705882,1.0,3.15153124513696
vanderpol,0.2,0.05,2,0.21052631578947367,1.0,3.3499436015401605
vanderpol,0.2,0.05,3,0.3333333333333333,1.0,1.2357266179492843
vanderpol,0.2,0.05,4,0.2222222222222222,1.0,1.3724649541530527
vanderpol,0.3,0.05,0,0.21052631578947367,1.0,2.194049857391868
vanderpol,0.3,0.05,1,0.2,1.0,3.135985281314398
vanderpol,0.3,0.05,2,0.2222222222222222,1.0,3.067868126198091
vanderpol,0.3,0.05,3,0.2857142857142857,1.0,0.811626849226459
vanderpol,0.3,0.05,4,0.2222222222222222,1.0,1.1701699814862025
duffing,0.0,1.0,0,1.0,1.0,4.007782962813053e-05
duffing,0.0,1.0,1,1.0,1.0,4.007782962813053e-05
duffing,0.0,1.0,2,1.0,1.0,4.007782962813053e-05
duffing,0.0,1.0,3,1.0,1.0,4.007782962813053e-05
duffing,0.0,1.0,4,1.0,1.0,4.007782962813053e-05
duffing,0.05,1.0,0,1.0,1.0,0.005943209956075756
duffing,0.05,1.0,1,1.0,1.0,0.005785665333951096
duffing,0.05,1.0,2,1.0,1.0,0.006952820085692128
duffing,0.05,1.0,3,1.0,1.0,0.007061399337758837
duffing,0.05,1.0,4,1.0,1.0,0.007152753676703838
duffing,0.1,1.0,0,1.0,1.0,0.01955030000307304
duffing,0.1,1.0,1,1.0,1.0,0.020125684635438446
duffing,0.1,1.0,2,1.0,1.0,0.02343973244820183
duffing,0.1,1.0,3,0.875,1.0,0.018344391040073963
duffing,0.1,1.0,4,0.7777777777777778,1.0,0.046827168262239045
duffing,0.2,1.0,0,0.6363636363636364,1.0,0.06866466739813186
duffing,0.2,1.0,1,0.875,1.0,0.08902415259423421
duffing,0.2,1.0,2,0.7,1.0,0.07849563557032246
duffing,0.2,1.0,3,0.42857142857142855,0.8571428571428571,0.13963769528480055
duffing,0.2,1.0,4,0.5,1.0,0.12686308508145777
duffing,0.3,1.0,0,0.4666666666666667,1.0,0.10247554577349922
duffing,0.3,1.0,1,0.375,0.8571428571428571,0.23877753137175617
duffing,0.3,1.0,2,0.4,0.8571428571428571,0.2060462910079015
duffing,0.3,1.0,3,0.3157894736842105,0.8571428571428571,0.2626781208298296
duffing,0.3,1.0,4,0.2692307692307692,1.0,0.28523090697923054
duffing,0.4,1.0,0,0.28,1.0,0.261376571317302
duffing,0.4,1.0,1,0.24,0.8571428571428571,0.29228650729798666
duffing,0.4,1.0,2,0.2608695652173913,0.8571428571428571,0.2989401614803956
duffing,0.4,1.0,3,0.28,1.0,0.547590012814711
duffing,0.4,1.0,4,0.23076923076923078,0.8571428571428571,0.2915964004745068
duffing,0.5,1.0,0,0.2,0.8571428571428571,0.3126062299449687
duffing,0.5,1.0,1,0.20689655172413793,0.8571428571428571,0.3791822948849964
duffing,0.5,1.0,2,0.21428571428571427,0.8571428571428571,0.41576383524297084
duffing,0.5,1.0,3,0.23076923076923078,0.8571428571428571,0.6511981430233055
duffing,0.5,1.0,4,0.2413793103448276,1.0,0.5206883259438948
duffing,0.05,0.5,0,0.6363636363636364,1.0,0.4302120580930403
duffing,0.05,0.5,1,0.5833333333333334,1.0,0.4628865097477937
duffing,0.05,0.5,2,0.4117647058823529,1.0,0.5568424979085859
duffing,0.05,0.5,3,0.4375,1.0,0.510251463674822
duffing,0.05,0.5,4,0.5384615384615384,1.0,0.5182964526777766
duffing,0.1,0.5,0,0.5384615384615384,1.0,0.40442762870074844
duffing,0.1,0.5,1,0.4375,1.0,0.4402577050833304
duffing,0.1,0.5,2,0.3684210526315789,1.0,0.5168561749648937
duffing,0.1,0.5,3,0.4375,1.0,0.5021788214749796
duffing,0.1,0.5,4,0.4666666666666667,1.0,0.5442520995029327
duffing,0.2,0.5,0,0.3181818181818182,1.0,0.410040233657304
duffing,0.2,0.5,1,0.20689655172413793,0.8571428571428571,0.4007821495697402
duffing,0.2,0.5,2,0.28,1.0,0.30957479231036017
duffing,0.2,0.5,3,0.2916666666666667,1.0,0.34981642873083957
duffing,0.2,0.5,4,0.35,1.0,0.5481918860833948
duffing,0.3,0.5,0,0.23333333333333334,1.0,0.3681184141902309
duffing,0.3,0.5,1,0.21212121212121213,1.0,0.6050784935101091
duffing,0.3,0.5,2,0.22580645161290322,1.0,0.2247978956286651
duffing,0.3,0.5,3,0.22580645161290322,1.0,0.30888722104922745
duffing,0.3,0.5,4,0.21875,1.0,0.5545521530158524
duffing,0.05,0.25,0,0.2916666666666667,1.0,1.1564575451169026
duffing,0.05,0.25,1,0.30434782608695654,1.0,0.912739682613678
duffing,0.05,0.25,2,0.30434782608695654,1.0,1.0140657802841997
duffing,0.05,0.25,3,0.3181818181818182,1.0,1.3251259264587716
duffing,0.05,0.25,4,0.3333333333333333,1.0,1.0793857614897977
duffing,0.1,0.25,0,0.2916666666666667,1.0,1.1446311332821668
duffing,0.1,0.25,1,0.25925925925925924,1.0,0.8261666954428551
duffing,0.1,0.25,2,0.21875,1.0,0.9762314230465348
duffing,0.1,0.25,3,0.30434782608695654,1.0,1.3282874145877475
duffing,0.1,0.25,4,0.2692307692307692,1.0,1.0515344540332041
duffing,0.2,0.25,0,0.2413793103448276,1.0,0.8225911135716996
duffing,0.2,0.25,1,0.2,0.8571428571428571,0.7592060415950111
duffing,0.2,0.25,2,0.2,1.0,0.6634746565143727
duffing,0.2,0.25,3,0.25925925925925924,1.0,1.1717438396052715
duffing,0.2,0.25,4,0.21212121212121213,1.0,0.927658984846868
duffing,0.3,0.25,0,0.19444444444444445,1.0,0.5650068075139643
duffing,0.3,0.25,1,0.2,1.0,0.8349822528436628
duffing,0.3,0.25,2,0.18181818181818182,0.8571428571428571,0.5855664803307891
duffing,0.3,0.25,3,0.23333333333333334,1.0,1.058314613886335
duffing,0.3,0.25,4,0.21875,1.0,0.9065488666949306
duffing,0.1,0.1,0,0.20588235294117646,1.0,2.1712615960562105
duffing,0.1,0.1,1,0.16279069767441862,1.0,1.90103412327928
duffing,0.1,0.1,2,0.16279069767441862,1.0,1.954706124178175
duffing,0.1,0.1,3,0.1891891891891892,1.0,1.5478816926527847
duffing,0.1,0.1,4,0.18421052631578946,1.0,1.375019270326705
duffing,0.2,0.1,0,0.21875,1.0,1.9081192137290033
duffing,0.2,0.1,1,0.16279069767441862,1.0,1.4912860956827072
duffing,0.2,0.1,2,0.175,1.0,1.6811798409770993
duffing,0.2,0.1,3,0.20588235294117646,1.0,1.2007548583642937
duffing,0.2,0.1,4,0.18421052631578946,1.0,1.0856719785338274
duffing,0.3,0.1,0,0.18421052631578946,1.0,1.601353072433802
duffing,0.3,0.1,1,0.16279069767441862,1.0,1.2351099436553699
duffing,0.3,0.1,2,0.16279069767441862,1.0,1.4303024571589185
duffing,0.3,0.1,3,0.175,1.0,1.1897108009236068
duffing,0.3,0.1,4,0.15789473684210525,0.8571428571428571,1.1094601852958452
duffing,0.2,0.05,0,0.1794871794871795,1.0,2.895693034378643
duffing,0.2,0.05,1,0.1590909090909091,1.0,3.121136677078296
duffing,0.2,0.05,2,0.1590909090909091,1.0,4.438824847740269
duffing,0.2,0.05,3,0.15217391304347827,1.0,0.8261482739995369
duffing,0.2,0.05,4,0.175,1.0,2.2982851561221183
duffing,0.3,0.05,0,0.13333333333333333,0.8571428571428571,2.9411435537962265
duffing,0.3,0.05,1,0.14893617021276595,1.0,3.03051262884496
duffing,0.3,0.05,2,0.15555555555555556,1.0,3.374331518621829
duffing,0.3,0.05,3,0.16279069767441862,1.0,0.8280552634497879
duffing,0.3,0.05,4,0.18421052631578946,1.0,1.6595086187002503
