system,noise,obs_frac,recall_mean,recall_std,precision_mean,precision_std,n_seeds
duffing,0.0,1.0,1.0,0.0,1.0,0.0,5
duffing,0.05,0.25,1.0,0.0,0.31037549407114623,0.015895650861282248,5
duffing,0.05,0.5,1.0,0.0,0.5214846428081723,0.09539725291202159,5
duffing,0.05,1.0,1.0,0.0,1.0,0.0,5
duffing,0.1,0.1,1.0,0.0,0.18097269275899844,0.018436752972200474,5
duffing,0.1,0.25,1.0,0.0,0.2686509042487303,0.03310073651842933,5
duffing,0.1,0.5,1.0,0.0,0.44970985155195675,0.06138083024831558,5
duffing,0.1,1.0,1.0,0.0,0.9305555555555556,0.1011126373511183,5
duffing,0.2,0.05,1.0,0.0,0.16496858214249516,0.01166422577204509,5
duffing,0.2,0.1,1.0,0.0,0.18932671538627688,0.022778329683482992,5
duffing,0.2,0.25,0.9714285714285713,0.063887656499994,0.2225519563450598,0.026588894490508906,5
duffing,0.2,0.5,0.9714285714285713,0.063887656499994,0.2893490073145245,0.05338786569007747,5
duffing,0.2,1.0,0.9714285714285713,0.06388765649999402,0.627987012987013,0.17494192227132943,5
duffing,0.3,0.05,0.9714285714285715,0.06388765649999398,0.15696525661837252,0.018716047713978192,5
duffing,0.3,0.1,0.9714285714285713,0.06388765649999402,0.16853733170134635,0.010801938964573255,5
duffing,0.3,0.25,0.9714285714285713,0.06388765649999402,0.2056691919191919,0.020392508648738615,5
duffing,0.3,0.5,1.0,0.0,0.22316348973607036,0.008043739807010982,5
duffing,0.3,1.0,0.9142857142857143,0.07824607964359521,0.3653373819163293,0.07624625145004013,5
duffing,0.4,1.0,0.9142857142857143,0.0782460796435952,0.2583277591973244,0.022589887488537453,5
duffing,0.5,1.0,0.8857142857142858,0.06388765649999402,0.21866616142478207,0.01709173070084175,5
lorenz,0.0,1.0,1.0,0.0,1.0,0.0,5
lorenz,0.05,0.25,1.0,0.0,0.22034543648603902,0.03920794749814566,5
lorenz,0.05,0.5,0.9714285714285713,0.06388765649999402,0.46749999999999997,0.09684251247371797,5
lorenz,0.05,1.0,1.0,0.0,0.8166666666666667,0.05325080420189112,5
lorenz,0.1,0.1,0.9714285714285715,0.06388765649999398,0.16395821012529394,0.03099906350700345,5
lorenz,0.1,0.25,0.9428571428571428,0.12777531299998798,0.208914103325868,0.03154382298675909,5
lorenz,0.1,0.5,1.0,0.0,0.4188286713286713,0.09272049001979335,5
lorenz,0.1,1.0,1.0,0.0,0.7222727272727273,0.08971373205372891,5
lorenz,0.2,0.05,0.9428571428571428,0.07824607964359516,0.1369559515705816,0.007620038727970204,5
lorenz,0.2,0.1,0.9428571428571428,0.07824607964359516,0.16437005927133175,0.024710551974489726,5
lorenz,0.2,0.25,0.9714285714285713,0.06388765649999402,0.230544380587484,0.022482130772657025,5
lorenz,0.2,0.5,0.9428571428571428,0.12777531299998796,0.35509270725834197,0.07381875628762849,5
lorenz,0.2,1.0,0.8857142857142858,0.11952286093343938,0.4756410256410256,0.0951226759053823,5
lorenz,0.3,0.05,1.0,0.0,0.14953130009002477,0.01997040619673215,5
lorenz,0.3,0.1,1.0,0.0,0.17162205528913912,0.029276165319988612,5
lorenz,0.3,0.25,1.0,0.0,0.24131325945418897,0.048547368870527435,5
lorenz,0.3,0.5,0.9428571428571428,0.0782460796435952,0.3370234113712375,0.07534364399570517,5
lorenz,0.3,1.0,0.9714285714285713,0.06388765649999402,0.42034690799396685,0.04727118566681753,5
lorenz,0.4,1.0,1.0,0.0,0.4204815961472308,0.044862303208587126,5
lorenz,0.5,1.0,1.0,0.0,0.38673976608187133,0.03267730282369926,5
vanderpol,0.0,1.0,1.0,0.0,1.0,0.0,5
vanderpol,0.05,0.25,1.0,0.0,0.38598290598290597,0.06311374090510402,5
vanderpol,0.05,0.5,1.0,0.0,0.7476190476190476,0.23785702369032716,5
vanderpol,0.05,1.0,1.0,0.0,1.0,0.0,5
vanderpol,0.1,0.1,1.0,0.0,0.21594771241830063,0.015505494224531968,5
vanderpol,0.1,0.25,1.0,0.0,0.3941199151725467,0.18602449145240169,5
vanderpol,0.1,0.5,1.0,0.0,0.7727272727272727,0.3149183286488868,5
vanderpol,0.1,1.0,1.0,0.0,1.0,0.0,5
vanderpol,0.2,0.05,1.0,0.0,0.244719642242862,0.050305760484515405,5
vanderpol,0.2,0.1,1.0,0.0,0.22654970760233914,0.02280458076650949,5
vanderpol,0.2,0.25,1.0,0.0,0.2900964876197074,0.06504203078692342,5
vanderpol,0.2,0.5,1.0,0.0,0.5514285714285714,0.27285340311573303,5
vanderpol,0.2,1.0,1.0,0.0,0.888888888888889,0.24845199749997665,5
vanderpol,0.3,0.05,1.0,0.0,0.22813700918964078,0.03349231251312731,5
vanderpol,0.3,0.1,1.0,0.0,0.2209941520467836,0.0186727444706853,5
vanderpol,0.3,0.25,1.0,0.0,0.26018458665517485,0.03561302942151884,5
vanderpol,0.3,0.5,0.95,0.1118033988749895,0.3863888888888889,0.1185382289744328,5
vanderpol,0.3,1.0,1.0,0.0,0.8571428571428571,0.31943828249996997,5
vanderpol,0.4,1.0,1.0,0.0,0.6504761904761904,0.27408061114550897,5
vanderpol,0.5,1.0,1.0,0.0,0.46928104575163393,0.15509281973430242,5
