system,noise,obs_frac,threshold,seed,recall,precision
lorenz,0.0,1.0,0.01,0,1.0,0.7777777777777778
lorenz,0.0,1.0,0.01,1,1.0,0.7777777777777778
lorenz,0.0,1.0,0.01,2,1.0,0.7777777777777778
lorenz,0.0,1.0,0.03,0,1.0,0.875
lorenz,0.0,1.0,0.03,1,1.0,0.875
lorenz,0.0,1.0,0.03,2,1.0,0.875
lorenz,0.0,1.0,0.05,0,1.0,0.875
lorenz,0.0,1.0,0.05,1,1.0,0.875
lorenz,0.0,1.0,0.05,2,1.0,0.875
lorenz,0.0,1.0,0.1,0,1.0,1.0
lorenz,0.0,1.0,0.1,1,1.0,1.0
lorenz,0.0,1.0,0.1,2,1.0,1.0
lorenz,0.0,1.0,0.2,0,1.0,1.0
lorenz,0.0,1.0,0.2,1,1.0,1.0
lorenz,0.0,1.0,0.2,2,1.0,1.0
lorenz,0.0,1.0,0.5,0,1.0,1.0
lorenz,0.0,1.0,0.5,1,1.0,1.0
lorenz,0.0,1.0,0.5,2,1.0,1.0
lorenz,0.1,1.0,0.01,0,1.0,0.30434782608695654
lorenz,0.1,1.0,0.01,1,1.0,0.25
lorenz,0.1,1.0,0.01,2,1.0,0.2692307692307692
lorenz,0.1,1.0,0.03,0,1.0,0.6363636363636364
lorenz,0.1,1.0,0.03,1,1.0,0.4375
lorenz,0.1,1.0,0.03,2,1.0,0.4375
lorenz,0.1,1.0,0.05,0,1.0,0.6363636363636364
lorenz,0.1,1.0,0.05,1,1.0,0.7
lorenz,0.1,1.0,0.05,2,1.0,0.7
lorenz,0.1,1.0,0.1,0,1.0,0.875
lorenz,0.1,1.0,0.1,1,1.0,0.7
lorenz,0.1,1.0,0.1,2,1.0,0.7
lorenz,0.1,1.0,0.2,0,1.0,0.875
lorenz,0.1,1.0,0.2,1,1.0,0.7
lorenz,0.1,1.0,0.2,2,1.0,0.875
lorenz,0.1,1.0,0.5,0,1.0,0.875
lorenz,0.1,1.0,0.5,1,1.0,0.875
lorenz,0.1,1.0,0.5,2,1.0,0.875
lorenz,0.1,0.25,0.01,0,1.0,0.11864406779661017
lorenz,0.1,0.25,0.01,1,1.0,0.125
lorenz,0.1,0.25,0.01,2,1.0,0.11864406779661017
lorenz,0.1,0.25,0.03,0,1.0,0.13725490196078433
lorenz,0.1,0.25,0.03,1,1.0,0.12962962962962962
lorenz,0.1,0.25,0.03,2,1.0,0.14
lorenz,0.1,0.25,0.05,0,1.0,0.16666666666666666
lorenz,0.1,0.25,0.05,1,1.0,0.1794871794871795
lorenz,0.1,0.25,0.05,2,0.8571428571428571,0.13953488372093023
lorenz,0.1,0.25,0.1,0,1.0,0.175
lorenz,0.1,0.25,0.1,1,1.0,0.25925925925925924
lorenz,0.1,0.25,0.1,2,1.0,0.21212121212121213
lorenz,0.1,0.25,0.2,0,1.0,0.35
lorenz,0.1,0.25,0.2,1,1.0,0.35
lorenz,0.1,0.25,0.2,2,0.8571428571428571,0.2857142857142857
lorenz,0.1,0.25,0.5,0,1.0,0.4666666666666667
lorenz,0.1,0.25,0.5,1,1.0,0.4666666666666667
lorenz,0.1,0.25,0.5,2,1.0,0.4117647058823529
lorenz,0.3,0.05,0.01,0,1.0,0.12280701754385964
lorenz,0.3,0.05,0.01,1,1.0,0.12280701754385964
lorenz,0.3,0.05,0.01,2,1.0,0.11864406779661017
lorenz,0.3,0.05,0.03,0,1.0,0.12727272727272726
lorenz,0.3,0.05,0.03,1,1.0,0.125
lorenz,0.3,0.05,0.03,2,1.0,0.125
lorenz,0.3,0.05,0.05,0,1.0,0.13725490196078433
lorenz,0.3,0.05,0.05,1,1.0,0.12962962962962962
lorenz,0.3,0.05,0.05,2,1.0,0.1320754716981132
lorenz,0.3,0.05,0.1,0,1.0,0.14893617021276595
lorenz,0.3,0.05,0.1,1,1.0,0.18421052631578946
lorenz,0.3,0.05,0.1,2,1.0,0.13725490196078433
lorenz,0.3,0.05,0.2,0,1.0,0.15555555555555556
lorenz,0.3,0.05,0.2,1,1.0,0.1891891891891892
lorenz,0.3,0.05,0.2,2,1.0,0.175
lorenz,0.3,0.05,0.5,0,1.0,0.25925925925925924
lorenz,0.3,0.05,0.5,1,0.8571428571428571,0.3
lorenz,0.3,0.05,0.5,2,1.0,0.22580645161290322
vanderpol,0.0,1.0,0.01,0,1.0,1.0
vanderpol,0.0,1.0,0.01,1,1.0,1.0
vanderpol,0.0,1.0,0.01,2,1.0,1.0
vanderpol,0.0,1.0,0.03,0,1.0,1.0
vanderpol,0.0,1.0,0.03,1,1.0,1.0
vanderpol,0.0,1.0,0.03,2,1.0,1.0
vanderpol,0.0,1.0,0.05,0,1.0,1.0
vanderpol,0.0,1.0,0.05,1,1.0,1.0
vanderpol,0.0,1.0,0.05,2,1.0,1.0
vanderpol,0.0,1.0,0.1,0,1.0,1.0
vanderpol,0.0,1.0,0.1,1,1.0,1.0
vanderpol,0.0,1.0,0.1,2,1.0,1.0
vanderpol,0.0,1.0,0.2,0,1.0,1.0
vanderpol,0.0,1.0,0.2,1,1.0,1.0
vanderpol,0.0,1.0,0.2,2,1.0,1.0
vanderpol,0.0,1.0,0.5,0,1.0,1.0
vanderpol,0.0,1.0,0.5,1,1.0,1.0
vanderpol,0.0,1.0,0.5,2,1.0,1.0
vanderpol,0.1,1.0,0.01,0,1.0,0.26666666666666666
vanderpol,0.1,1.0,0.01,1,1.0,0.25
vanderpol,0.1,1.0,0.01,2,1.0,0.4
vanderpol,0.1,1.0,0.03,0,1.0,1.0
vanderpol,0.1,1.0,0.03,1,1.0,1.0
vanderpol,0.1,1.0,0.03,2,1.0,0.5714285714285714
vanderpol,0.1,1.0,0.05,0,1.0,1.0
vanderpol,0.1,1.0,0.05,1,1.0,1.0
vanderpol,0.1,1.0,0.05,2,1.0,1.0
vanderpol,0.1,1.0,0.1,0,1.0,1.0
vanderpol,0.1,1.0,0.1,1,1.0,1.0
vanderpol,0.1,1.0,0.1,2,1.0,1.0
vanderpol,0.1,1.0,0.2,0,1.0,1.0
vanderpol,0.1,1.0,0.2,1,1.0,1.0
vanderpol,0.1,1.0,0.2,2,1.0,1.0
vanderpol,0.1,1.0,0.5,0,1.0,1.0
vanderpol,0.1,1.0,0.5,1,1.0,1.0
vanderpol,0.1,1.0,0.5,2,1.0,1.0
vanderpol,0.1,0.25,0.01,0,1.0,0.2
vanderpol,0.1,0.25,0.01,1,1.0,0.21052631578947367
vanderpol,0.1,0.25,0.01,2,1.0,0.2
vanderpol,0.1,0.25,0.03,0,1.0,0.2222222222222222
vanderpol,0.1,0.25,0.03,1,1.0,0.21052631578947367
vanderpol,0.1,0.25,0.03,2,1.0,0.2
vanderpol,0.1,0.25,0.05,0,1.0,0.25
vanderpol,0.1,0.25,0.05,1,1.0,0.21052631578947367
vanderpol,0.1,0.25,0.05,2,1.0,0.21052631578947367
vanderpol,0.1,0.25,0.1,0,1.0,0.3076923076923077
vanderpol,0.1,0.25,0.1,1,1.0,0.21052631578947367
vanderpol,0.1,0.25,0.1,2,1.0,0.2857142857142857
vanderpol,0.1,0.25,0.2,0,1.0,0.5714285714285714
vanderpol,0.1,0.25,0.2,1,1.0,0.36363636363636365
vanderpol,0.1,0.25,0.2,2,1.0,0.6666666666666666
vanderpol,0.1,0.25,0.5,0,1.0,1.0
vanderpol,0.1,0.25,0.5,1,1.0,1.0
vanderpol,0.1,0.25,0.5,2,1.0,1.0
vanderpol,0.3,0.05,0.01,0,1.0,0.2
vanderpol,0.3,0.05,0.01,1,1.0,0.2
vanderpol,0.3,0.05,0.01,2,1.0,0.2
vanderpol,0.3,0.05,0.03,0,1.0,0.2
vanderpol,0.3,0.05,0.03,1,1.0,0.2
vanderpol,0.3,0.05,0.03,2,1.0,0.21052631578947367
vanderpol,0.3,0.05,0.05,0,1.0,0.2
vanderpol,0.3,0.05,0.05,1,1.0,0.2
vanderpol,0.3,0.05,0.05,2,1.0,0.21052631578947367
vanderpol,0.3,0.05,0.1,0,1.0,0.21052631578947367
vanderpol,0.3,0.05,0.1,1,1.0,0.2
vanderpol,0.3,0.05,0.1,2,1.0,0.2222222222222222
vanderpol,0.3,0.05,0.2,0,1.0,0.2222222222222222
vanderpol,0.3,0.05,0.2,1,1.0,0.23529411764705882
vanderpol,0.3,0.05,0.2,2,1.0,0.23529411764705882
vanderpol,0.3,0.05,0.5,0,1.0,0.26666666666666666
vanderpol,0.3,0.05,0.5,1,1.0,0.2857142857142857
vanderpol,0.3,0.05,0.5,2,1.0,0.3076923076923077
duffing,0.0,1.0,0.01,0,1.0,1.0
duffing,0.0,1.0,0.01,1,1.0,1.0
duffing,0.0,1.0,0.01,2,1.0,1.0
duffing,0.0,1.0,0.03,0,1.0,1.0
duffing,0.0,1.0,0.03,1,1.0,1.0
duffing,0.0,1.0,0.03,2,1.0,1.0
duffing,0.0,1.0,0.05,0,1.0,1.0
duffing,0.0,1.0,0.05,1,1.0,1.0
duffing,0.0,1.0,0.05,2,1.0,1.0
duffing,0.0,1.0,0.1,0,1.0,1.0
duffing,0.0,1.0,0.1,1,1.0,1.0
duffing,0.0,1.0,0.1,2,1.0,1.0
duffing,0.0,1.0,0.2,0,1.0,1.0
duffing,0.0,1.0,0.2,1,1.0,1.0
duffing,0.0,1.0,0.2,2,1.0,1.0
duffing,0.0,1.0,0.5,0,0.7142857142857143,1.0
duffing,0.0,1.0,0.5,1,0.7142857142857143,1.0
duffing,0.0,1.0,0.5,2,0.7142857142857143,1.0
duffing,0.1,1.0,0.01,0,1.0,0.25
duffing,0.1,1.0,0.01,1,1.0,0.25925925925925924
duffing,0.1,1.0,0.01,2,1.0,0.2413793103448276
duffing,0.1,1.0,0.03,0,1.0,0.5
duffing,0.1,1.0,0.03,1,1.0,0.4375
duffing,0.1,1.0,0.03,2,1.0,0.6363636363636364
duffing,0.1,1.0,0.05,0,1.0,0.875
duffing,0.1,1.0,0.05,1,1.0,0.875
duffing,0.1,1.0,0.05,2,1.0,1.0
duffing,0.1,1.0,0.1,0,1.0,1.0
duffing,0.1,1.0,0.1,1,1.0,1.0
duffing,0.1,1.0,0.1,2,1.0,1.0
duffing,0.1,1.0,0.2,0,1.0,1.0
duffing,0.1,1.0,0.2,1,1.0,1.0
duffing,0.1,1.0,0.2,2,1.0,1.0
duffing,0.1,1.0,0.5,0,0.7142857142857143,1.0
duffing,0.1,1.0,0.5,1,0.7142857142857143,1.0
duffing,0.1,1.0,0.5,2,0.7142857142857143,1.0
duffing,0.1,0.25,0.01,0,1.0,0.15217391304347827
duffing,0.1,0.25,0.01,1,1.0,0.14893617021276595
duffing,0.1,0.25,0.01,2,1.0,0.16279069767441862
duffing,0.1,0.25,0.03,0,1.0,0.1891891891891892
duffing,0.1,0.25,0.03,1,1.0,0.175
duffing,0.1,0.25,0.03,2,1.0,0.1794871794871795
duffing,0.1,0.25,0.05,0,1.0,0.21875
duffing,0.1,0.25,0.05,1,1.0,0.20588235294117646
duffing,0.1,0.25,0.05,2,1.0,0.18421052631578946
duffing,0.1,0.25,0.1,0,1.0,0.2916666666666667
duffing,0.1,0.25,0.1,1,1.0,0.25925925925925924
duffing,0.1,0.25,0.1,2,1.0,0.21875
duffing,0.1,0.25,0.2,0,1.0,0.4117647058823529
duffing,0.1,0.25,0.2,1,1.0,0.4117647058823529
duffing,0.1,0.25,0.2,2,1.0,0.4375
duffing,0.1,0.25,0.5,0,1.0,0.6363636363636364
duffing,0.1,0.25,0.5,1,0.8571428571428571,0.75
duffing,0.1,0.25,0.5,2,1.0,1.0
duffing,0.3,0.05,0.01,0,1.0,0.14583333333333334
duffing,0.3,0.05,0.01,1,1.0,0.14893617021276595
duffing,0.3,0.05,0.01,2,1.0,0.14893617021276595
duffing,0.3,0.05,0.03,0,1.0,0.14583333333333334
duffing,0.3,0.05,0.03,1,1.0,0.14893617021276595
duffing,0.3,0.05,0.03,2,1.0,0.14893617021276595
duffing,0.3,0.05,0.05,0,1.0,0.14583333333333334
duffing,0.3,0.05,0.05,1,1.0,0.14893617021276595
duffing,0.3,0.05,0.05,2,1.0,0.15217391304347827
duffing,0.3,0.05,0.1,0,0.8571428571428571,0.13333333333333333
duffing,0.3,0.05,0.1,1,1.0,0.14893617021276595
duffing,0.3,0.05,0.1,2,1.0,0.15555555555555556
duffing,0.3,0.05,0.2,0,0.8571428571428571,0.15
duffing,0.3,0.05,0.2,1,1.0,0.16666666666666666
duffing,0.3,0.05,0.2,2,1.0,0.1794871794871795
duffing,0.3,0.05,0.5,0,0.8571428571428571,0.20689655172413793
duffing,0.3,0.05,0.5,1,1.0,0.25
duffing,0.3,0.05,0.5,2,1.0,0.28
